first_name,last_name
Itzchak,Ramaiah
Itzchak,Ramaiah
Khosrow,Sgarro
Jungsoon,Molenkamp
Vidya,Hanabata
Vidya,Hanabata
Basim,Tischendorf
Basim,Tischendorf
Vivian,Minakawa
Vivian,Minakawa
Vivian,Minakawa
Vivian,Minakawa
Juichirou,Thambidurai
Juichirou,Thambidurai
Juichirou,Thambidurai
Almudena,Dratva
Lihong,Brookner
Lihong,Brookner
Tokuyasu,Pesch
Tokuyasu,Pesch
Tokuyasu,Pesch
Tokuyasu,Pesch
Tokuyasu,Pesch
Tokuyasu,Pesch
Tokuyasu,Pesch
Brigham,Teitelbaum
Brigham,Teitelbaum
Ibibia,Junet
Ibibia,Junet
Ibibia,Junet
Ibibia,Junet
Xiahua,Whitcomb
Xiahua,Whitcomb
Xiahua,Whitcomb
Xiahua,Whitcomb
Clyde,Georgakopoulos
Houman,Worfolk
Houman,Worfolk
Reinhard,Kaltofen
Lansing,Kambil
Lansing,Kambil
Lansing,Kambil
Lansing,Kambil
Lansing,Kambil
Lansing,Kambil
Lansing,Kambil
Persi,Berstel
Willard,Baca
Willard,Baca
Willard,Baca
Willard,Baca
Willard,Baca
Willard,Baca
Chikako,Jiang
Mary,Decleir
Ingmar,Isard
Ingmar,Isard
Oldrich,Unni
Oldrich,Unni
Odoardo,Lindenbaum
Odoardo,Lindenbaum
Bedrich,Luft
Bedrich,Luft
Bedrich,Luft
Bedrich,Luft
Bedrich,Luft
Chirstian,Kobara
Chirstian,Kobara
Chirstian,Kobara
Chirstian,Kobara
Chirstian,Kobara
Chirstian,Kobara
Ortrud,Diderrich
Tsutomu,Alameldin
Tsutomu,Alameldin
Tsutomu,Alameldin
Tsutomu,Alameldin
Tsutomu,Alameldin
Tsutomu,Alameldin
Tsutomu,Alameldin
Tsutomu,Alameldin
Tsutomu,Alameldin
Charmane,Griswold
Charmane,Griswold
Charmane,Griswold
Charmane,Griswold
Boalin,Rosen
Nikolaus,Businaro
JoAnne,Matheson
JoAnne,Matheson
Wonhee,Pagter
Wonhee,Pagter
Tadanori,Sudbeck
Tadanori,Sudbeck
Tadanori,Sudbeck
Weicheng,Hatcliff
Weicheng,Hatcliff
Weicheng,Hatcliff
Weicheng,Hatcliff
Chaitali,Baik
Chaitali,Baik
Mitsuyuki,Stanfel
Mitsuyuki,Stanfel
Mitsuyuki,Stanfel
Dines,Giaccio
Arnd,Junot
Arnd,Junot
Arnd,Junot
Heping,Brender
Sanjai,Luders
Sanjai,Luders
Sanjai,Luders
Sanjai,Luders
Sanjai,Luders
Sanjai,Luders
Van,Furudate
Honesty,Mukaidono
Honesty,Mukaidono
Honesty,Mukaidono
Honesty,Mukaidono
Honesty,Mukaidono
Honesty,Mukaidono
Honglan,Otillio
Honglan,Otillio
Satoru,Gruenwald
Satoru,Gruenwald
Satoru,Gruenwald
Rance,Chinin
Rance,Chinin
Rance,Chinin
Eberhardt,Gubsky
Eberhardt,Gubsky
Weijing,Chenoweth
Weijing,Chenoweth
Weijing,Chenoweth
Weijing,Chenoweth
Weijing,Chenoweth
Weijing,Chenoweth
Florina,Tchuente
Jungsoon,Brendel
Shin,Birdsall
Shin,Birdsall
Shin,Birdsall
Shin,Birdsall
Shin,Birdsall
Mohammed,Moehrke
Mohammed,Moehrke
Mohammed,Moehrke
Sergi,Leslie
Sergi,Leslie
Eldridge,Heiserman
Eldridge,Heiserman
Eldridge,Heiserman
Huiqun,Birke
Leaf,Menyhert
Leaf,Menyhert
Lunjin,Swick
Zhanqiu,Muntz
Zhanqiu,Muntz
Guenter,Ranai
Toshiko,Schlenzig
Seongbin,Mitsuhashi
Qingxiang,Piancastelli
Izaskun,Wissmann
Akemi,Warwick
Akemi,Warwick
Masato,Heering
Ghassan,Birta
Ghassan,Birta
Ghassan,Birta
Ghassan,Birta
Taiji,Malinowski
Lidong,Meriste
Lidong,Meriste
Lidong,Meriste
Lidong,Meriste
Lidong,Meriste
Lidong,Meriste
Lidong,Meriste
Lidong,Meriste
Brewster,Chiodo
